<ImportExportXml version="9.2.21014.140" SolutionPackageVersion="9.2" languagecode="1033" generatedBy="CrmLive" xmlns:xsi="http://www.w3.org/2001/XMLSchema-instance">
  <SolutionManifest>
    <UniqueName>ExportComponents5d6780f4a5b54b0989313908c1bb7836</UniqueName>
    <LocalizedNames>
      <LocalizedName description="ExportComponents5d6780f4a5b54b0989313908c1bb7836" languagecode="1033" />
    </LocalizedNames>
    <Descriptions />
    <Version>1.0</Version>
    <Managed>0</Managed>
    <Publisher>
      <UniqueName>Cr8160a</UniqueName>
      <LocalizedNames>
        <LocalizedName description="CDS Default Publisher" languagecode="1033" />
      </LocalizedNames>
      <Descriptions />
      <EMailAddress xsi:nil="true"></EMailAddress>
      <SupportingWebsiteUrl xsi:nil="true"></SupportingWebsiteUrl>
      <CustomizationPrefix>crc36</CustomizationPrefix>
      <CustomizationOptionValuePrefix>96508</CustomizationOptionValuePrefix>
    </Publisher>
    <RootComponents>
      <RootComponent type="1" schemaName="crc36_sqmeetings" behavior="0" />
      <RootComponent type="1" schemaName="crc36_sqtopics" behavior="0" />
      <RootComponent type="300" schemaName="crc36_speakerqueue_fb1db" behavior="0" />
    </RootComponents>
    <MissingDependencies />
  </SolutionManifest>
</ImportExportXml>