<ImportExportXml version="9.2.21035.186" SolutionPackageVersion="9.2" languagecode="1033" generatedBy="CrmLive" xmlns:xsi="http://www.w3.org/2001/XMLSchema-instance">
  <SolutionManifest>
    <UniqueName>ExportComponents383cc3d1de7e4ad49ce3ad5aa3b87208</UniqueName>
    <LocalizedNames>
      <LocalizedName description="ExportComponents383cc3d1de7e4ad49ce3ad5aa3b87208" languagecode="1033" />
    </LocalizedNames>
    <Descriptions />
    <Version>1.0</Version>
    <Managed>0</Managed>
    <Publisher>
      <UniqueName>Cr8160a</UniqueName>
      <LocalizedNames>
        <LocalizedName description="CDS Default Publisher" languagecode="1033" />
      </LocalizedNames>
      <Descriptions />
      <EMailAddress xsi:nil="true"></EMailAddress>
      <SupportingWebsiteUrl xsi:nil="true"></SupportingWebsiteUrl>
      <CustomizationPrefix>crc36</CustomizationPrefix>
      <CustomizationOptionValuePrefix>96508</CustomizationOptionValuePrefix>
    </Publisher>
    <RootComponents>
      <RootComponent type="1" schemaName="crc36_sqmeetings" behavior="0" />
      <RootComponent type="1" schemaName="crc36_sqtopics" behavior="0" />
      <RootComponent type="300" schemaName="crc36_speakerqueue_fb1db" behavior="0" />
    </RootComponents>
    <MissingDependencies />
  </SolutionManifest>
</ImportExportXml>