<ImportExportXml version="9.2.23022.192" SolutionPackageVersion="9.2" languagecode="1033" generatedBy="CrmLive" xmlns:xsi="http://www.w3.org/2001/XMLSchema-instance">
  <SolutionManifest>
    <UniqueName>ExportComponentsbb0328b6bdc348f8befd6a9649e19443</UniqueName>
    <LocalizedNames>
      <LocalizedName description="ExportComponentsbb0328b6bdc348f8befd6a9649e19443" languagecode="1033" />
    </LocalizedNames>
    <Descriptions />
    <Version>1.0</Version>
    <Managed>0</Managed>
    <Publisher>
      <UniqueName>Cr89b6f</UniqueName>
      <LocalizedNames>
        <LocalizedName description="CDS Default Publisher" languagecode="1033" />
      </LocalizedNames>
      <Descriptions />
      <EMailAddress xsi:nil="true"></EMailAddress>
      <SupportingWebsiteUrl xsi:nil="true"></SupportingWebsiteUrl>
      <CustomizationPrefix>cr33c</CustomizationPrefix>
      <CustomizationOptionValuePrefix>95329</CustomizationOptionValuePrefix>
    </Publisher>
    <RootComponents>
      <RootComponent type="1" schemaName="crc36_sqmeetings" behavior="0" />
      <RootComponent type="1" schemaName="crc36_sqtopics" behavior="0" />
      <RootComponent type="300" schemaName="crc36_speakerqueue_fb1db" behavior="0" />
    </RootComponents>
    <MissingDependencies />
  </SolutionManifest>
</ImportExportXml>